time;v1;v2;v3;v4
1623871499055;4.099999904632568;abc;true;1.0
1623871500059;4.199999809265137;abc;false;2.0
1623871507091;4.300000190734863;;;3.0
1623871508093;4.5;abc;true;5.0
